{"zoom":15.83,"center":[113.393295,22.52701],"bounds":[[113.300305,22.478686],[113.486284,22.575317]],"size":[7680,4320]}